Andrea Clark,huntjulia@example.net,364-830-3002x5643,Jeffreymouth
Timothy Bowman,mooreshaun@example.org,642-285-3910x0972,New Joseph
James Leach,crystal08@example.net,6303608467,Port Jamesstad
Edward Henderson,angela05@example.net,416.713.5674x202,Port Joel
Jon Reese,susanmitchell@example.net,503.952.5316x1689,North Stacy
Tara Cain,lisa83@example.com,957.673.0274x4582,Robertton
Felicia Gonzalez,dennis79@example.net,(986)244-6136x8217,North Lindaton
Lisa Villanueva,karlarichmond@example.net,(677)434-3376,West Melissa
Michael Hensley,pagelisa@example.net,001-857-381-1322,Torresmouth
Anne Klein,martineztyler@example.org,672-894-7560,New Sonyastad
Glen Moran,eric33@example.net,459-465-8079x827,East Benjaminborough
Sarah Daniel,wsantos@example.com,(325)349-1135x713,Jameschester
Angela Escobar,pricedana@example.com,362.284.0236x156,Nicholasshire
Sylvia Schultz,samuelperez@example.net,+1-939-948-2501x6036,Lake Craigtown
Ashley Hendricks,phillip17@example.com,+1-498-256-0025x32144,Joshuatown
Carla Davis,lparker@example.net,469-604-2516x98072,Smithmouth
Rachel Solomon,tcherry@example.net,(373)376-6326x697,North John
Robin Mclean,william85@example.org,912.993.4954x18938,Huntton
William Hamilton,juan56@example.net,523.881.9742x9707,Port Brittanyton
Robert Ware DDS,kathleen39@example.net,917.992.6306,Christinatown
Chad Cobb,rachel88@example.org,424-797-9728,South Deanberg
Cody Fry,jbrooks@example.net,001-964-821-7818x731,Berrystad
Tammy Beasley,rsmith@example.com,551-248-0650x15227,Melissaburgh
Joshua Middleton,epatterson@example.com,+1-588-747-0384x9319,Skinnerstad
Michael Johnson,millerjames@example.net,+1-368-436-9822x02760,Jamesmouth
Patrick Clark II,debbiefigueroa@example.net,+1-868-571-5900x9647,Thomasstad
Michael Fernandez,xvaughn@example.net,001-778-719-6148x2784,New Anthony
Nancy Orr,anthony00@example.com,2526619604,Port Samanthastad
Amanda Oliver,vmitchell@example.net,689.919.5273,Rickyfurt
Laura Tyler,emartinez@example.com,001-792-936-7128,Wilsonside
Bridget Meyer,umccarthy@example.net,539-908-6713,Davidhaven
John Shaffer,todd12@example.org,937-945-6289x9873,Port Danny
John Sanchez,alyssa09@example.com,523-365-9175x30864,Zimmermanfort
Joseph Harris,angelamadden@example.net,387-495-0032x08154,Griffithburgh
Gregory Edwards,mlawrence@example.com,3028635249,Stephenberg
Aimee Terrell,jane64@example.com,001-851-336-2409x95582,East Davidstad
Eugene Rivas,wangryan@example.com,397-237-8821x3290,Lake Dale
Brian Ferrell,allisonhamilton@example.com,217-580-2056x36682,Jerryview
Margaret Brooks,llucas@example.org,+1-351-418-5751x332,Port Rebecca
Dustin Doyle,rodney88@example.net,+1-519-546-8182x430,Millerhaven
Gregory Brown,torressharon@example.net,(314)990-1386,Hollyborough
Jeffery Gray,ecaldwell@example.org,504.721.9521,Reedmouth
Renee Martin,ssmith@example.org,250.848.8128,South Lori
Russell Collins,hendersonpeter@example.org,001-347-291-4351x370,Coleside
Jessica Rojas,whitetraci@example.org,001-332-378-9075x74215,Johnborough
Kimberly Moreno,christopher11@example.org,001-323-527-8991,Hillfort
Shane Webster,ryan45@example.net,274.736.2428x9452,South Debraville
Heather Estes,stephanie63@example.org,372-505-7849x4470,New Randy
Eugene Miller,qyoung@example.org,001-497-680-2308x238,Lake Aliciaborough
Sandra Irwin,robert76@example.org,805-807-3453,New Frances
Henry Rodriguez,vsandoval@example.net,+1-698-850-4819x4845,Lake Marilyn
Dylan Peters,scottmichael@example.org,664-991-3141x11274,Hannahmouth
Greg Wagner,ashleythomas@example.net,(544)977-4905,Port Dylanmouth
Bryan Diaz,montoyaalicia@example.com,483-539-1368x7283,Stephenstad
Diana Gordon MD,qtaylor@example.net,623-757-7487x24687,Currytown
Amy Lee,xellison@example.org,689-456-7109x95936,Anthonytown
Jessica Weaver,joshuathomas@example.org,+1-296-869-2849x15349,Millermouth
Jonathan Lester,josephsmith@example.net,001-771-598-1339x18518,East Amyshire
Monique Rojas,logan74@example.com,821-974-0277x43587,South Daniel
Nicholas Watson,uvaldez@example.com,528.254.1250,South Diane
Jeremiah Raymond,hollandbrooke@example.org,+1-317-777-0207x3118,Edwardfurt
Charlene Haynes,steven16@example.net,+1-860-708-1163x0406,Anneville
Megan Jenkins,fgiles@example.org,603-250-7235,East Kimberlyborough
William Castillo,alicia20@example.org,(270)331-5868x66630,Port Jenniferton
Jeffery Crawford,iglass@example.net,910.280.1379,Donnaburgh
Riley Parker,cesarrobinson@example.org,736.506.5355x404,Taylorborough
Lisa Gregory,kristenrichardson@example.com,652.898.5061x2329,North Shaunbury
Donald Vasquez,omcdaniel@example.org,304.559.1574,Joseview
Matthew Singh,michael32@example.org,(219)482-9094,Lake Michaelshire
Anthony Baird,thomasconley@example.org,450.876.9856,Lake Angela
Darlene Miller DDS,lauren35@example.com,726.229.3139x26644,New Dakota
Lisa Morrison,ariasjennifer@example.com,8299035118,Christopherburgh
Billy Tran,jamie00@example.com,001-981-674-9593x921,Davidchester
Wesley Clark,marystokes@example.org,397.457.2559x29131,Gloriaborough
Kathryn Nguyen,robinsonmark@example.net,556-397-5746,North Gregory
Laura Jones,hobbschristopher@example.org,+1-221-434-1522x559,Port Michelle
Maria Ho,ujennings@example.org,(578)822-5172x7076,Dudleyport
Mr. Samuel Watts,michaelcarter@example.com,+1-703-958-4660,Carlmouth
Brandi Aguilar,angela54@example.com,5878508748,Myerston
Julie Vincent,cameron60@example.org,358-207-6899x1015,Nicholasburgh
Jonathan Conley,jeffreycosta@example.net,+1-920-443-3401x830,South Robertside
Kristin Mcintyre,waltonmartin@example.net,(997)986-1211,East Vanessa
Ryan Burke,bryantmichelle@example.org,001-628-233-7837x049,Warechester
Joshua Gonzalez,aharris@example.net,(649)294-0951,Port Johnborough
Tommy Malone,jonestimothy@example.org,(911)932-6715,New Sandraland
Tracy Perry,mckaygina@example.net,958-260-4436x7486,Lake Annechester
Robert Mckinney,wraymond@example.org,774-306-9730x99723,Lake Eric
Michael Boyd,williamhancock@example.org,490-244-6741,Wayneborough
Samantha Roberts,patricia10@example.org,710.393.1555x717,West Angelaburgh
David Blankenship,jgonzalez@example.com,9759061204,South Rita
Ricardo Ward,khughes@example.com,345.990.8957x18060,West Jacqueline
Christina Rodriguez,llester@example.com,001-677-445-9750x612,East Bethanyhaven
Jennifer Price,morrisonkristina@example.com,+1-946-424-7417x02563,West Mark
Samantha Lowe,stephaniepalmer@example.com,+1-637-271-2469x0176,South Zachary
Tracy Pruitt,ecarter@example.net,584.405.0962x53206,South Beckyside
Mrs. Kimberly Roberts,dorseycynthia@example.com,407-843-5262x8775,East Dylanside
Peggy Dean,rsnyder@example.org,+1-235-254-7031x234,Barnesbury
Juan Nelson,hjenkins@example.net,(494)742-2302x59090,Greenport
William Riley,melinda52@example.com,271-363-3406x3651,Lake Molly
Bradley Graves,rebeccaoconnell@example.net,774.200.7303x934,Lake Wayneton
