name,email,address,created_at
Michele Erickson,erinjimenez@example.org,"3011 Rodriguez Radial, East Matthewbury, TX 90002",2020-08-08 00:00:00
Scott Lewis,mcclaineric@example.net,"835 Torres Station Apt. 853, Lake Tracey, SD 49084",2020-02-19 00:00:00
Robert Rodriguez,tyler14@example.com,"34915 James Via, Savannahbury, NM 99598",2023-03-09 00:00:00
Alexis Stein,brandy56@example.net,"790 Adam Lights, Woodsport, UT 56186",2022-08-24 00:00:00
Michael French,emilytrevino@example.com,"81134 Samantha Circles, Debbieburgh, FL 88167",2023-04-14 00:00:00
Matthew Perez,diazdonna@example.net,"03822 Ramos Isle, Oliverview, AR 09665",2022-12-21 00:00:00
Kristin Wilson,zjones@example.com,"2595 Yates Points, South Angelaville, NY 87749",2023-05-21 00:00:00
Sara Hart,pettytaylor@example.net,"366 Stephen Pine Suite 842, New Denise, TN 55401",2024-04-02 00:00:00
Teresa Moore,powellandrew@example.com,"277 Garcia Circle Suite 515, Lake Mathewfort, AZ 31510",2023-05-31 00:00:00
Mary Cunningham,robertgreer@example.org,"Unit 1202 Box 2446, DPO AE 96301",2023-12-20 00:00:00
"TRAILER,10 rows generated,2025-06-17T06:48:22.246075"
